msnv,full_name,gender,marital_status,children_count,phone,bank_account,si_book_no,id_number,education_code
1496,LÊ KIỀU NHƯ,F,married,2,0908275468,060227267677,7212019238,072189002248,EDUCATION_LEVEL008
1501,PHẠM VĂN DIỆP,M,married,2,0338434799,,7215029125,072087000343,EDUCATION_LEVEL004
1514,NGUYỄN THỊ NGỌC LUYẾN,F,single,0,0354023839,,7213010836,072191000756,EDUCATION_LEVEL006
1519,NGUYỄN THANH THIỆN,M,married,2,0918283825,060227270570,7212026757,075083000637,EDUCATION_LEVEL008
1520,NGUYỄN MAI TRƯỜNG,F,single,0,0358737779,060227247641,7210022448,072192012219,EDUCATION_LEVEL006
1576,NGUYỄN THỊ LÀI,F,married,2,0329089349,060227247501,7216035458,072173002416,EDUCATION_LEVEL003
1581,LÊ THỊ MỸ DUNG,F,married,2,0367757210,060227256926,7209002569,072171002315,EDUCATION_LEVEL004
1593,ĐOÀN THẢO QUYÊN,F,single,0,0972393258,060227270333,7914213295,072192003018,
1608,TRẦN THỊ TRÀ MY,F,married,1,0386845452,060224555779,7221972338,072197003580,EDUCATION_LEVEL004
1615,PHAN THỊ NHƯ HẢO,F,married,1,0935478120,060227272085,7916320154,072193002751,
1626,TẠ THỊ KIM NGỌC,F,single,0,0369998233,060227270848,7214004272,072192007846,
1636,TRẦN THỊ HẰNG,F,married,1,0902549904,060227268630,4507020353,072186010024,EDUCATION_LEVEL006
1641,DUY VĂN DŨNG,M,married,2,0898078870,060227345791,7213002094,072070003185,EDUCATION_LEVEL004
1642,ĐẶNG THỊ NGỌC HUYỀN,F,single,0,0976060724,060227345821,7222051078,072198009661,EDUCATION_LEVEL004
1643,TRẦN HUỲNH ĐỨC HẠNH,F,married,0,0979768101,060232885176,7212006126,072189004865,EDUCATION_LEVEL008
1644,VÕ VĂN TUẤN,M,married,2,0918841700,060233902767,7222281965,072080010937,EDUCATION_LEVEL003
1648,TƯỚNG LỆ KIỀU MI,F,single,0,0366333952,060233600523,7916230951,052194010676,EDUCATION_LEVEL008
1703,CAO THÀNH TRUNG,M,single,0,0972398176,060282876682,7222202277,072092000674,
1711,VÕ XUÂN THANH,M,married,2,0969559449,060285527778,7209010457,080086000962,EDUCATION_LEVEL004
1716,PHAN TIỀN DÔ,M,married,0,0767846076,050057076371,7914001404,072091009508,EDUCATION_LEVEL008
1731,TRẦN THỊ NGỌC THƯ,F,single,0,0346143012,060299544039,7221958149,072303002942,EDUCATION_LEVEL004
1732,NGUYỄN THỊ KIM KHUÊ,F,married,0,0333953219,060263069891,7222177174,072199004932,EDUCATION_LEVEL008
1733,PHẠM THỊ CHI,F,married,2,0365297566,060299692429,7222647412,072171004671,EDUCATION_LEVEL004
1737,NGUYỄN T THU THẢO,F,single,0,0348823238,050100443993,7939031473,072300000306,
1739,NGUYỄN HOÀNG VIỆT,M,single,0,0707446791,060303326998,7222240660,072200008493,EDUCATION_LEVEL008
1742,VÕ KIM THOA,F,married,1,0365403445,060219462411,7410113519,072187011561,EDUCATION_LEVEL008
1753,NGUYỄN THỊ NGỌC QUÝ,F,married,1,0382713812,060316539494,7222583012,072196000990,
1758,VÕ THỊ THÚY NHI,F,married,2,0906967618,060227269971,4506011095,072187003018,EDUCATION_LEVEL004
1763,NGUYỄN THÀNH XUÂN,M,married,0,0937181737,060275555919,7210017642,072088010760,EDUCATION_LEVEL004
1764,VÕ THỊ ÁNH HỒNG,F,married,0,0963475321,060203517941,7212011266,079189028474,EDUCATION_LEVEL004
1765,VI TUẤN ĐẠT,M,married,0,0394428829,060274830207,7222238074,072092004286,
1770,NGUYỄN QUỐC HÙNG DUY,M,single,0,0394540300,200319973434,7222665126,072097007745,EDUCATION_LEVEL008
1771,TRẦN THỊ THANH TRÚC,F,married,2,0977896862,050063945231,7214034352,072192005018,EDUCATION_LEVEL008
1772,DƯƠNG MINH HIỀN,F,single,0,0398799038,060345221517,7221162355,072199004362,EDUCATION_LEVEL008
1773,ĐẶNG HỒNG THỦY,F,married,0,0348339257,050166914539,7222038616,072172001460,EDUCATION_LEVEL004
1776,LÊ MINH CƯỜNG,M,married,0,0353486816,050045590930,,072084008141,EDUCATION_LEVEL004
5078,NGUYỄN THỊ HOA,F,married,2,0347591180,060224980747,4505007848,072180005037,EDUCATION_LEVEL003
5101,NGUYỄN THỊ HIỀN,F,married,2,0583855903,060225747884,7208000377,072179001573,EDUCATION_LEVEL004
5118,CAO THỊ NGỌC DUNG,F,married,0,0389066081,060225481213,7211008231,072193008687,EDUCATION_LEVEL004
5119,BÙI THỊ PHƯƠNG THẢO,F,married,2,0336628276,060225907040,7211004849,072187004443,EDUCATION_LEVEL004
5120,NGUYỄN HÀ XUYÊN,F,single,0,0347809057,060225994849,7214028070,072195009198,EDUCATION_LEVEL004
5122,ĐÀM THỊ BÍCH LIỄU,F,single,0,0978810885,060226532334,7214028874,072181004375,EDUCATION_LEVEL004
5128,DƯƠNG THỊ SÙNG,F,married,1,0984670124,060226629631,7209016387,072181009679,EDUCATION_LEVEL003
5191,NGUYỄN THỊ HẢI YẾN,F,married,0,0858152151,060225907385,7209013574,072190015286,EDUCATION_LEVEL004
5201,HOÀNG THỊ HẰNG,F,married,1,0333761905,060226216017,7215026708,040181015630,EDUCATION_LEVEL004
5223,ĐẶNG THỊ VÀNG,F,married,2,0338511892,060224996295,7215029162,072175005279,EDUCATION_LEVEL004
5269,PHAN THỊ THU TRANG,F,single,0,0984591411,060226630484,7211023479,072192009338,EDUCATION_LEVEL004
5270,NGÔ THỊ KIM CHI,F,married,2,0392991931,060226631235,7215029148,072185002225,EDUCATION_LEVEL004
5290,TRƯƠNG THỊ NỊ,F,married,3,0387199937,060226852411,7209003360,072189010137,EDUCATION_LEVEL004
5315,ĐẶNG THỊ NGỌC BÉ,F,married,2,0386683275,060226118732,7215029193,072182010735,EDUCATION_LEVEL004
5316,NGUYỄN THỊ HOÀI MINH,F,married,1,0346962624,060226119038,7215029199,072174009331,EDUCATION_LEVEL004
5317,PHẠM VĂN TÍN,M,single,0,0966032552,060226119534,7411194557,072075003081,EDUCATION_LEVEL004
5321,LÊ THỊ KIM SANG,F,married,1,0364400266,060226853025,7215029155,072178001701,EDUCATION_LEVEL004
5328,ĐÀO THỊ ĐIỆP,F,married,1,0975507452,060227010455,7215029190,072183014838,EDUCATION_LEVEL004
5405,TRẦN THỊ THA,F,married,2,0357487292,060226531958,7215029158,072179000394,EDUCATION_LEVEL004
5415,BÙI THỊ ĐĂNG KHOA,F,married,2,0382060030,060227120722,7215029211,087182009793,EDUCATION_LEVEL004
5442,PHẠM THỊ DIỄM,F,married,1,0986451882,060226853564,7215029153,072184014106,EDUCATION_LEVEL004
5456,NGUYỄN KIM NGÂN,F,married,1,0971523430,,7215030773,072188006792,EDUCATION_LEVEL004
5470,TRẦN THỊ THU TRANG,F,married,2,0364438690,060226482035,7210011156,072182005979,EDUCATION_LEVEL004
5472,NGUYỄN THỊ NGỌC THÚY,F,married,1,0332377905,060225969194,7215030780,083179009465,EDUCATION_LEVEL004
5485,TRẦN THỊ THU LÊ,F,married,2,0979316847,060227120811,7210019110,072184014102,EDUCATION_LEVEL004
5493,ĐẶNG THỊ TUYỀN,F,single,0,0966303492,050164268397,7213036344,072194007429,EDUCATION_LEVEL004
5512,ĐẶNG VŨ AN,M,married,0,0386693178,050149992151,7208025872,072086015137,EDUCATION_LEVEL003
5519,VÕ THỊ TUYẾT,F,married,2,0338767748,060227121133,7209004767,072189005814,EDUCATION_LEVEL003
5528,ĐÀO THỊ PHƯƠNG THẢO,F,married,2,0773026886,060226541317,4500001338,072182003313,EDUCATION_LEVEL004
5550,TRƯƠNG THỊ KIM THỦY,F,married,2,0982311664,060224250854,7215032790,072185012380,EDUCATION_LEVEL004
5564,VÕ DUY THANH,M,single,0,0979509601,060226940319,7210010790,072087001852,EDUCATION_LEVEL003
5602,HÀ THỊ BÉ RÍ,F,married,1,0967068592,060226853890,9107014671,072186004834,EDUCATION_LEVEL004
5653,LÊ THỊ HỒNG NHUNG,F,married,0,0347102565,060227121389,4507013128,072187006223,EDUCATION_LEVEL004
5665,LÊ HỒNG TƯƠI,F,married,2,0359224683,060226632071,4501000947,072183003348,EDUCATION_LEVEL004
5672,TRẦN THUÝ LOAN,F,married,2,032985775,060226122551,7209025397,072176007836,EDUCATION_LEVEL004
5685,NGUYỄN PHÚC TUẤN,M,single,0,0973316689,060227121990,7215033495,072092003716,EDUCATION_LEVEL004
5721,PHAN THANH TÂM,M,married,1,0975869362,060226939469,7210021485,072088003094,EDUCATION_LEVEL004
5781,NGUYỄN THỊ KIM THOA,F,married,0,0392116559,060229839171,7209015745,072189011892,EDUCATION_LEVEL004
5837,LÊ THỊ KIM LIÊN,F,married,1,0395493065,060227122407,7208004440,072191004439,EDUCATION_LEVEL004
5846,VÕ THỊ THẮM,F,married,1,0976937887,060225969135,4501002488,072184002935,EDUCATION_LEVEL004
5859,ĐINH THỊ NIỀM,F,married,1,0982191284,060227025967,4507017085,072189010059,EDUCATION_LEVEL004
5860,LÊ THỊ DIỄM TRINH,F,married,1,0326204543,060226552890,7211031254,072193002965,EDUCATION_LEVEL004
5916,NGUYỄN THỊ DIỆU,F,married,1,0363350106,060226067445,7214013152,072193012199,EDUCATION_LEVEL004
5924,VÕ THỊ BÍCH,F,married,1,0982053374,060226552904,7209025954,072189003642,EDUCATION_LEVEL004
5962,TRẦN THỊ HỒNG HẠNH,F,married,2,0355617818,060252565283,7216032995,072182005787,EDUCATION_LEVEL004
5978,NGUYỄN DUNG HẠNH,F,married,2,01653273523,060224850959,7216032984,072183000458,EDUCATION_LEVEL004
5981,TRẦN THỊ HỒNG NHUNG,F,married,1,0902308092,060225203396,7214019164,080191002085,EDUCATION_LEVEL004
6012,TRẦN THỊ KIM CƯƠNG,F,married,0,0966958758,060227122581,7209023922,072190002514,EDUCATION_LEVEL004
6015,VÕ THỊ THANH THẢO,F,married,1,01233340838,060226103700,7213011565,080196008829,EDUCATION_LEVEL004
6026,HUỲNH VĂN QUI,M,single,0,0969121012,060226273584,7216034104,072093010658,EDUCATION_LEVEL004
6043,NGUYỄN T HỒNG PHƯỢNG,F,married,2,0969888695,060227122644,7910098517,072185005045,EDUCATION_LEVEL004
6048,PHẠM THÚY KIỀU,F,married,1,0984479372,060227026335,7210021585,072191009055,EDUCATION_LEVEL004
6062,TRẦN THỊ HỒNG NHUNG,F,single,0,0372795752,060224122902,7210019611,072187015528,EDUCATION_LEVEL004
6085,ĐINH NGỌC LANH,F,married,2,0345013732,060227345708,7215030388,072180006557,EDUCATION_LEVEL004
6103,NGUYỄN KIM HỒNG,F,married,2,0932795970,060226481012,7214007972,072175008933,EDUCATION_LEVEL004
6117,LÊ THỊ KIM THOA,F,married,1,0964642857,060226071078,7212012847,072192003575,EDUCATION_LEVEL006
6141,LÊ VĂN HÒA,M,single,0,0982322976,060225967779,7209022230,072088000356,EDUCATION_LEVEL004
6215,VÕ THỊ ĐÈO,F,married,2,0986374152,060226552963,7216030234,072182001521,EDUCATION_LEVEL004
6272,BẠCH THỊ HỒNG DIÊN,F,married,2,0965361452,060225967566,7216080511,072191014595,EDUCATION_LEVEL004
6274,TRỊNH THỊ VÂN,F,married,2,0354360036,060227124280,7214011169,072180004904,EDUCATION_LEVEL004
6285,NGUYỄN THỊ KIM KHOA,F,married,2,0343776200,060226857594,7213025819,072188000237,EDUCATION_LEVEL004
6301,HUỲNH THỊ PHƯỢNG,F,married,2,0378710928,060227125619,7210009344,084179009141,EDUCATION_LEVEL004
6307,VÕ THÚY PHƯỢNG,F,married,2,0961895647,060225756646,7222232576,072187012182,EDUCATION_LEVEL004
6311,LÊ THỊ LÀI,F,married,2,0382656225,060228014144,7221955946,072179001195,EDUCATION_LEVEL004
6318,NGUYỄN THỊ MỚI,F,married,2,0333732709,060227127158,7222251361,072191009102,EDUCATION_LEVEL004
6320,LÂM THỊ THANH HƯƠNG,F,married,1,0907232200,060227128235,7422753630,074186003553,EDUCATION_LEVEL004
6327,VÕ THỊ DIỄM LỆ,F,married,2,0975676072,060226857810,7221997389,072178008317,EDUCATION_LEVEL004
6335,LÊ VĂN NÙ,M,single,0,0363973978,060226552971,7209022234,072084011513,EDUCATION_LEVEL004
6361,ĐỖ THỊ KIỀU,F,married,2,0354244579,060226480741,4505010083,072186011931,EDUCATION_LEVEL004
6373,PHẠM LOAN THẢO,F,married,2,01694411070,060226187025,7208020944,072183000285,EDUCATION_LEVEL004
6389,ĐỖ THỊ CHANH,F,married,2,0974871778,060225201237,9107229607,037183005445,EDUCATION_LEVEL004
6390,LƯU THỊ NHUNG,F,single,0,0966993224,060225198457,7221954738,072199007912,EDUCATION_LEVEL004
6397,HOÀNG THỊ THANH TRÚC,F,married,2,0933038830,060225190995,7211007281,072185003475,EDUCATION_LEVEL006
6419,LƯƠNG THỊ GÁI,F,married,2,0868347392,060226635184,7221941155,072178005916,EDUCATION_LEVEL004
6420,NGUYỄN ANH ĐỨC,M,married,0,0911017100,060226274556,7209017544,072084013977,EDUCATION_LEVEL004
6430,NGUYỄN HOÀI BẢO,M,single,0,0397883083,060227651698,7222632071,080083000462,EDUCATION_LEVEL004
6464,TRẦN KIM CÚC,F,single,0,0353177489,060225015379,7209020023,072186002696,EDUCATION_LEVEL004
6472,MAI THỊ THẢO,F,single,0,0911997469,060226860471,7222259003,072199004881,EDUCATION_LEVEL004
6517,NGUYỄN THỊ PHỤNG,F,married,2,0388929861,060227128650,7211035399,072173002947,EDUCATION_LEVEL004
6599,NGUYỄN THỊ YẾN NHI,F,single,0,0392837008,060226216191,7221963305,072300001060,EDUCATION_LEVEL004
6603,DƯƠNG THỊ KIM THOẠI,F,single,0,0926698445,060226478682,7221521029,072187004733,EDUCATION_LEVEL004
6618,NGUYỄN HÙNG QUỐC,M,married,2,0394664672,060226527470,7222326898,072080013340,EDUCATION_LEVEL004
6622,NGUYỄN THỊ KIỀU HOA,F,married,2,0327706238,060225967175,7213024616,072193003084,EDUCATION_LEVEL004
6627,NGUYỄN THỊ HỒNG,F,married,0,0386710323,060226640986,7221956741,072187005064,EDUCATION_LEVEL004
6632,TRẦN THỊ THIẾT,F,married,2,0397804948,060227013871,7222231959,072179013387,EDUCATION_LEVEL004
6654,LÊ THỊ Ý NHI,F,married,1,0971630694,050064050149,7222272839,072189000925,EDUCATION_LEVEL004
6661,PHAN THỊ NGỌC TRINH,F,single,0,0356211251,060226860633,7214027917,072194006655,EDUCATION_LEVEL004
6717,PHẠM HỮU ĐỨC,M,married,1,0842353526,060226860897,7221967546,072071009252,EDUCATION_LEVEL004
6728,LƯU THỊ NGOAN,F,married,2,0382242785,060227200521,7214029692,072188014835,EDUCATION_LEVEL004
6789,LÊ THỊ HIẾU,F,married,2,0369490464,060225969267,7215027482,072184001359,EDUCATION_LEVEL004
6817,TRẦN THỊ HẬU,F,married,2,0858751387,060227258295,7221384592,001175020638,EDUCATION_LEVEL004
6846,VÕ THỊ HỒNG,F,married,2,0902693574,060224047455,7212034131,072178008645,EDUCATION_LEVEL004
6854,LÊ THỊ HỒNG GHÊ,F,married,3,0374071214,060224041449,7210014378,072181001111,EDUCATION_LEVEL004
6862,PHAN VĂN TUẤN,M,married,3,0794400054,060226862652,7222221872,072079008414,EDUCATION_LEVEL004
6880,LÊ THỊ KIM ANH,F,single,0,0984855403,,7216080998,072199003573,EDUCATION_LEVEL003
6915,TRẦN QUANG TIẾN,M,single,0,0335618153,050048501033,7208016562,072090011812,EDUCATION_LEVEL004
6945,TRẦN THỊ KIM HƯNG,F,married,2,0965194374,060237587327,4506005906,072172000465,EDUCATION_LEVEL004
6995,TRẦN HOÀI LINH,M,single,0,0338151904,060245523907,7222008737,072202004691,EDUCATION_LEVEL004
7010,NGUYỄN THỊ MỶ HẠNH,F,single,0,0342232196,060245495474,9122635656,091199007712,EDUCATION_LEVEL004
7046,TRẦN LAN THANH,F,married,2,0339433972,060245519659,7222094873,072188006217,EDUCATION_LEVEL004
7081,LÊ VĂN MÍ,M,married,2,0336767264,060246384420,7208019001,072088003368,EDUCATION_LEVEL004
7083,NGUYỄN THỊ CHANG,F,married,1,0397216569,060232878102,7210018195,072182003404,EDUCATION_LEVEL004
7113,TRẦN LUYỆN NGHI THƯỜNG,F,single,0,0916642940,060248235953,7222259001,072302006258,EDUCATION_LEVEL004
7173,NGUYỄN ĐẶNG TƯỜNG VY,F,single,0,0384554997,060250156701,7424540306,072196000685,EDUCATION_LEVEL004
7188,QUÁCH THỊ TRINH,F,married,2,0387419400,060262485628,7213024618,072179001849,EDUCATION_LEVEL004
7197,QUÁCH THỊ HOANH,F,married,2,0359791900,060252569718,7211023738,072175011358,EDUCATION_LEVEL004
7198,NGUYỄN THU THẢO,F,married,1,0974860452,060252577001,7215039400,072197012014,EDUCATION_LEVEL004
7214,LÊ THỊ THÚY PHƯỢNG,F,married,1,0796493824,050155758284,7214019218,072182016003,EDUCATION_LEVEL004
7218,NGUYỄN THỊ HỒNG,F,married,1,0355236638,060252748485,7211012859,072179012551,EDUCATION_LEVEL004
7228,NGUYỄN THỊ LÊ,F,married,1,0326415984,060252802749,7213020125,072174010384,EDUCATION_LEVEL004
7254,NGUYỄN THỊ NHỚ,F,married,2,0369903112,060253046964,7222307092,072179002453,EDUCATION_LEVEL004
7296,TRẦN XUÂN YẾN,F,single,0,0398635888,060257220586,7222543989,072198004309,EDUCATION_LEVEL008
7300,LÝ THỊ LÀNH,F,married,0,0908866545,060257290126,7211012987,072179003219,EDUCATION_LEVEL004
7307,QUÁCH THỊ THẢO,F,married,0,0347735464,060257223739,7211023729,072178001857,EDUCATION_LEVEL004
7310,HỒ THỊ THU HƯƠNG,F,single,0,0356582759,060257230174,7424710339,074302001417,EDUCATION_LEVEL004
7388,TẠ THỊ HẢI,F,married,0,0334564996,060226179091,7413287094,008182000188,EDUCATION_LEVEL004
7404,NGUYỄN THỊ EM,F,married,0,0975866003,060225035515,4507014645,072177000929,EDUCATION_LEVEL004
7409,TRƯƠNG THỊ XIÊN,F,married,0,0961412452,060266618517,7208012609,072175006983,EDUCATION_LEVEL004
7421,TRẦN THỊ KIM EM,F,single,0,0394558216,060268134347,7210011342,072176011760,EDUCATION_LEVEL004
7425,NGÔ THỊ HỒNG NGA,F,married,0,0374731033,050002349407,7210006405,072182010725,EDUCATION_LEVEL004
7430,ĐẶNG THANH HUYỀN,F,single,0,0334646604,060268590296,7222647161,072300005022,EDUCATION_LEVEL004
7479,NGUYỄN TÙNG PHU,M,single,0,0976695650,060268539983,7215025289,072091011052,EDUCATION_LEVEL004
7486,TRẦN THỊ BÔNG,F,married,2,0375924640,060268462239,7213025917,072183005317,EDUCATION_LEVEL004
7522,THÁI THANH VÂN,F,single,0,0879855871,060269548048,7222052825,072302004355,EDUCATION_LEVEL004
7525,PHẠM THỊ ĐUỘI,F,married,1,0395737257,060269549737,7215031537,072175003277,EDUCATION_LEVEL004
7539,LÊ THỊ OANH,F,single,2,0961141507,060269926697,7213030294,072184005766,EDUCATION_LEVEL004
7541,HUỲNH THỊ KIM TUYỀN,F,single,0,0783822592,050113814222,7222258975,072301004641,EDUCATION_LEVEL004
7577,ĐẶNG THỊ BẢO YẾN,F,single,0,0348500245,060270194268,8924072781,089302016469,EDUCATION_LEVEL004
7580,TRẦN THỊ LIỂNG,F,married,2,0375005039,060270155440,7214029302,072177005070,EDUCATION_LEVEL004
7582,VÕ THỊ NHÂN,F,married,1,0383429627,060270198379,4507015460,072186001888,EDUCATION_LEVEL004
7605,TRẦN KIM HỒNG,F,married,2,0373024600,060239720131,7213031836,072177009723,EDUCATION_LEVEL004
7614,NGUYỄN THANH THỦY,F,single,2,0389802263,060271381118,7222567157,072176001252,EDUCATION_LEVEL004
7673,DƯƠNG TUẤN KIỆT,M,single,0,0356930490,050104119295,7222199692,072202002268,EDUCATION_LEVEL004
7696,NGUYỄN NGỌC NHI,F,married,2,0373004564,060278474383,7212006614,072193011571,EDUCATION_LEVEL004
7699,TRƯƠNG THỊ KIÊN,F,married,2,0869622675,060278471139,7211031376,072174010138,EDUCATION_LEVEL004
7724,PHẠM THỊ KIM NGÂN,F,married,0,0943474442,060246585159,9122623202,093176009906,EDUCATION_LEVEL004
7725,DƯƠNG THỊ HỒNG CẨM,F,married,0,0975597329,060255313196,7210020824,080187005753,EDUCATION_LEVEL004
7726,LÊ THỊ KIM THƠM,F,married,0,0792767992,060225973078,7211005059,072192011551,EDUCATION_LEVEL004
7729,NGUYỄN THỊ NGỌC LINH,F,married,1,0388391696,060232884838,7222604470,072190002561,EDUCATION_LEVEL004
7774,NGUYỄN THỊ BÍCH THUẬN,F,married,1,0378544250,060245429137,7937735899,075300003187,EDUCATION_LEVEL004
7781,NGUYỄN THỊ CẨM TÚ,F,married,0,0399810826,060226119801,7213017566,072190010628,EDUCATION_LEVEL004
7787,QUÁCH THỊ HỒNG ĐÀO,F,married,2,0386864363,060281273224,7222238457,072185002833,EDUCATION_LEVEL004
7795,NGUYỄN THỊ MỸ LINH,F,married,3,0567297250,060280327959,7213020135,072195008558,EDUCATION_LEVEL004
7801,ĐÀO THỊ PHẬN,F,married,1,0948554738,060225907075,4502002373,072183007303,EDUCATION_LEVEL004
7805,TRẦN THỊ CHO,F,single,1,0855400415,060225912656,4599035502,072178006096,EDUCATION_LEVEL004
7824,ĐẶNG THỊ DIỄM MY,F,married,2,0368242139,060226629508,7215029140,072185013630,EDUCATION_LEVEL004
7839,LÊ THÀNH HIẾU,M,single,0,0987924481,060281398892,7222006387,072084005092,EDUCATION_LEVEL004
7845,TRẦN THỊ THU,F,married,2,0363155458,060281399945,7210010827,072175008583,EDUCATION_LEVEL004
7898,TRẦN NGỌC NGÂN,F,married,2,0975457606,060250567106,7932891914,072183003506,EDUCATION_LEVEL004
7899,LÊ THỊ HỒNG GẤM,F,married,1,0379322164,060282870293,7213013749,072194010223,EDUCATION_LEVEL004
7912,NGUYỄN TRUNG PHÚC,M,single,0,0983812170,050131526307,7222023532,072096004890,EDUCATION_LEVEL004
7924,ĐẶNG VŨ THANH QUANG,M,married,1,0795114097,060285815161,7222527101,072081011345,EDUCATION_LEVEL004
7927,LÊ THANH NGUYÊN,F,married,0,0988164292,060285814599,7222255688,072301003350,EDUCATION_LEVEL004
7932,VÕ THỊ NGUYỆT,F,single,1,0366606977,060285812928,7424551251,074174007373,EDUCATION_LEVEL004
7959,NGUYỄN THỊ THẮM,F,married,2,0338067317,050074397333,7210018007,072185014273,EDUCATION_LEVEL004
7974,ĐỖ QUỐC THẢO,M,married,2,0976223435,060286531213,7212013520,072080008501,EDUCATION_LEVEL004
7995,PHAN THỊ HIẾU,F,married,0,0348195717,060287493536,7221720781,072181011196,EDUCATION_LEVEL004
8008,NGUYỄN THỊ ĐẸP,F,single,0,0389748182,060291325478,8720062523,087178011834,EDUCATION_LEVEL004
8009,CAO THỊ THẮM,F,married,1,0363304940,060289421737,7209002549,072180002320,EDUCATION_LEVEL004
8018,PHẠM ĐỨC VINH,M,married,2,0937392370,060288126758,7221991488,072082009893,EDUCATION_LEVEL004
8037,PHẠM THỊ OANH MUỘI,F,married,2,0396502728,060289422865,8924399038,089173016793,EDUCATION_LEVEL004
8093,DƯƠNG BÍCH HUỆ,F,single,0,0982917358,060291285451,205182867,072185001731,EDUCATION_LEVEL004
8114,TRẦN THỊ HẰNG,F,married,2,0333444811,060294346050,4501003085,072179004585,EDUCATION_LEVEL004
8135,ĐẶNG THỊ MỸ LỆ,F,married,1,0976214380,060295495122,7216032973,072182004511,EDUCATION_LEVEL004
8145,NGUYỄN THỊ HẰNG,F,married,2,0388679457,060299004867,7208006914,072175001211,EDUCATION_LEVEL004
8149,NGUYỄN NGỌC THI,F,married,2,0372076651,060299581406,7210020327,079192006845,EDUCATION_LEVEL004
8162,TRƯƠNG VĂN ĐỨC,M,married,2,0984719443,060299395378,7209023588,072072003188,EDUCATION_LEVEL004
8163,NGUYỄN THỊ THU TRINH,F,married,1,0352141160,060299398709,7215028685,072177002515,EDUCATION_LEVEL004
8171,HỒ TẤN PHÁT,M,single,0,0366726438,060301056888,7936111088,072205004514,EDUCATION_LEVEL004
8174,NGUYỄN THỊ ĐĂNG,F,married,1,0356718029,060239898451,7221961547,094182000222,EDUCATION_LEVEL004
8183,NGUYỄN VĂN PHÚ,M,single,0,0720850139,060303324677,7213016493,072085013907,EDUCATION_LEVEL004
8252,TRẦN THỊ THU HIỀN,F,married,2,0389874618,060309667363,7213003216,072195005047,EDUCATION_LEVEL004
8256,NGUYỄN THỊ DIỄM TRANG,F,married,1,0963084731,,7222405406,072187005122,EDUCATION_LEVEL003
8257,HUỲNH THỊ THÚY AN,F,married,2,0372534420,060309667665,7222617098,072198004619,EDUCATION_LEVEL004
8258,LÊ THÀNH LÂM,M,married,1,0553205241,060226938888,7209011865,072083013429,EDUCATION_LEVEL004
8275,MAI THỊ MỸ LINH,F,married,2,0979388477,060226860730,7222285042,072187004768,EDUCATION_LEVEL004
8283,LÊ THỊ KIM NGÂN,F,married,2,0364234494,,7222243484,083188000261,EDUCATION_LEVEL004
8285,TRẦN NGỌC VIÊN,F,single,0,0347529679,060224242959,7215026520,072195002459,EDUCATION_LEVEL004
8288,DƯƠNG VĂN HÀO,M,single,0,0786019610,060319374186,7222533629,072205006645,EDUCATION_LEVEL004
8290,BÙI THỊ CẨM TIÊN,F,married,1,0792014026,,7221953593,072199005614,EDUCATION_LEVEL004
8294,NGUYỄN THỊ TIỀN,F,married,2,0703688054,060224248493,7209008714,072182000355,EDUCATION_LEVEL004
8390,VÕ VĂN MỸ,M,married,2,0366611918,060324322666,7215027652,072079003636,EDUCATION_LEVEL004
8391,NGUYỄN CẨM TIÊN,F,single,0,0911109702,050135313146,7221985821,072301001319,EDUCATION_LEVEL004
8401,PHẠM PHÚ CƯỜNG,M,married,1,0373216347,060287351987,7910482291,087073014779,EDUCATION_LEVEL004
8424,NGUYỄN THỊ GÁI,F,married,0,0944909852,060324470312,7212005684,072184010364,EDUCATION_LEVEL004
8429,TỐNG THỊ NGỌC PHA,F,married,0,0876288035,060303325738,7928766809,072175011167,EDUCATION_LEVEL004
8439,LÝ THỊ HUỲNH NHƯ,F,single,0,0334110907,060325448965,7916219082,094198003608,EDUCATION_LEVEL004
8448,ĐỖ LÊ THÚY TRANG,F,single,0,0376571055,060325387567,7221962115,072303004718,EDUCATION_LEVEL004
8452,TRẦN VĂN LIÊM,M,single,0,0337320159,050337320159,7222475118,072200001070,EDUCATION_LEVEL004
8454,PHAN THỊ TỐ LOAN,F,married,2,0962289752,060325451011,7221946563,072186001038,EDUCATION_LEVEL004
8455,BÙI THỊ BÍCH TUYỀN,F,married,2,0964572412,060326336192,7911268526,089186000621,EDUCATION_LEVEL004
8460,NGUYỄN THỊ NĂM,F,married,2,0335757452,060326336168,7213032454,072179011432,EDUCATION_LEVEL004
8469,LÊ VĂN SIN,M,married,1,0399164476,050102827632,7213025602,072094011856,EDUCATION_LEVEL004
8490,NGUYỄN TRƯỜNG SƠN,M,married,2,0962991945,060274827990,4504009847,072086011410,EDUCATION_LEVEL004
8506,CHÂU THỊ HUYỀN,F,married,1,0327939689,060275486488,7210007981,072192010851,EDUCATION_LEVEL004
8525,TRẦN THỊ ÁNH,F,married,2,0393521097,050043165061,7214028477,072185002393,EDUCATION_LEVEL004
8559,PHAN THỊ MỸ HUYỀN,F,married,2,0975892557,060268232233,7222717411,072301004165,EDUCATION_LEVEL004
8603,PHẠM THỊ ĐẸP,F,single,1,0396024458,060330857423,7211007529,072193011961,EDUCATION_LEVEL004
8607,NGÔ THỊ HƯỜNG,F,married,1,0392205392,050158546679,7214027376,072192004421,EDUCATION_LEVEL004
8608,HUỲNH VĂN PHƯƠNG,M,married,1,0392205392,060227197571,7215015304,072091000069,EDUCATION_LEVEL004
8615,NGUYỄN THỊ THU THẢO,F,married,0,0372201342,060331229779,7216014795,072197004410,EDUCATION_LEVEL004
8618,VÕ THỊ LAN TUYỀN,F,married,2,0975927694,060331229868,297042385,079178007900,EDUCATION_LEVEL004
8622,NGUYỄN THỊ NGỌC HẠNH,F,married,0,0979473650,060331620370,7222045448,072182005530,EDUCATION_LEVEL004
8635,ĐỖ THỊ THU THẢO,F,married,1,0906922493,060331620461,7210004955,072180003898,EDUCATION_LEVEL004
8636,NGUYỄN THỊ KIM TUYẾN,F,married,2,0357454760,060331652795,7209022637,072180000624,EDUCATION_LEVEL004
8642,NGUYỄN THỊ DIỆU HIỀN,F,single,0,0338870052,050126617426,7221991227,072182010035,EDUCATION_LEVEL004
8663,PHẠM THỊ OANH,F,married,1,0383748024,060286419499,7213028913,072189013986,EDUCATION_LEVEL004
8666,NGUYỄN MINH THÀNH,M,married,2,0828444921,050133979333,7212010114,072083014081,EDUCATION_LEVEL004
8668,NGUYỄN VĂN GIỎI,M,married,2,0765938922,060324413386,9222362592,092080012976,EDUCATION_LEVEL004
8670,BÙI THỊ THẮM,F,single,0,0944229625,060322583896,7208027558,072189011345,EDUCATION_LEVEL004
8671,PHẠM THỊ KIỀU DIỄM,F,single,0,0955151600,060226854196,7213003736,072192002060,EDUCATION_LEVEL004
8673,BÙI THỊ THÚY LINH,F,married,0,0344141424,060225217036,7208025848,072186011726,EDUCATION_LEVEL004
8676,HỒ THỊ OANH,F,married,0,0334795396,060312183040,7221979852,072186003259,EDUCATION_LEVEL004
8678,LÊ THỊ BÍCH ĐÀO,F,married,0,0368713315,060278272772,7222610588,072174002088,EDUCATION_LEVEL004
8679,NGUYỄN HỒ CẨM XUÂN,F,married,0,0976913757,060329824589,7212028459,072185002147,EDUCATION_LEVEL004
8681,PHẠM VĂN TÂM,M,married,0,0971637044,060268220898,7208012732,072085003839,EDUCATION_LEVEL004
8684,VÕ HOÀI LINH,M,married,0,0373647561,060268472439,7211023538,072075003900,EDUCATION_LEVEL004
8687,NGUYỄN VĂN NAM,M,married,1,0346897709,060226925174,7214005434,072091004761,EDUCATION_LEVEL004
8690,NGUYỄN THỊ NGA,F,married,0,0886114198,060225907261,7221595797,072172009367,EDUCATION_LEVEL004
8694,TRẦN THỊ MẾN,F,married,2,0886473745,060245430097,7216010490,072183000339,EDUCATION_LEVEL004
8695,NGUYỄN THỊ THU HÀ,F,married,2,0397103957,060226108052,7214036302,072195004542,EDUCATION_LEVEL004
8696,LÊ VĂN VỊ,M,single,0,0346243244,060342964731,7416201448,072094013916,EDUCATION_LEVEL004
8697,NGUYỄN VĂN HẢI,M,married,1,0388841259,060342961153,7210013717,075077019540,EDUCATION_LEVEL004
8698,NGUYỄN THỊ BÍCH NGÂN,F,single,0,0859406634,060226127944,9622006587,096300011809,EDUCATION_LEVEL004
8700,NGUYỄN THỊ TRANG,F,married,2,0332588931,050138054648,7221449409,036172001136,EDUCATION_LEVEL004
8703,NGUYỄN MINH THẠNH,M,single,0,0376733009,72093002466,7222278913,072093002466,EDUCATION_LEVEL004
8706,TRƯƠNG THỊ HẬN,F,married,0,0355219692,060225748708,4503000391,072179003243,EDUCATION_LEVEL004
8708,BÙI THỊ NGỌC BÍCH,F,married,0,0355557974,050117692040,7222596853,072182004665,EDUCATION_LEVEL004
8709,ĐỖ THỊ TRINH,F,married,0,0334956367,060226126875,7210018735,072182014334,EDUCATION_LEVEL004
8710,VÕ THANH TRIỀU,F,single,0,0327001836,050088217818,7210008650,072190006290,EDUCATION_LEVEL004
8711,HỒ TẤN KHOA,M,married,0,0866732979,060345221363,7211000397,072091010531,EDUCATION_LEVEL004
8714,PHAN THANH TIỀN,F,single,0,,060268467478,7222309763,072190004880,EDUCATION_LEVEL004
8715,PHAN THANH PHÚC,M,single,0,0879062055,060312180858,7221911257,072205001558,EDUCATION_LEVEL004
8716,PHAN THỊ LÙNG,F,married,0,0777065878,060279077108,7216035462,072184006163,EDUCATION_LEVEL004
8717,PHẠM THỊ TRÚC NHI,F,married,0,0352740685,060302519598,7022197628,070303009414,EDUCATION_LEVEL004
8719,ĐINH BÁ LỰC,M,single,0,0775744698,060324471432,8924399039,089206017069,EDUCATION_LEVEL004
8720,BÙI THÚY PHƯỢNG,F,married,0,0356782634,060302519199,7214018672,094186012263,EDUCATION_LEVEL004
8721,LÊ THỊ TUYẾT MAI,F,married,0,0989935347,060271376378,6423443805,096189011050,EDUCATION_LEVEL004
8723,BÙI VĂN TRONG,M,single,0,0389172282,050163604172,7221959907,072085008565,
8724,TRẦN THỊ THU TRANG,F,married,1,0352324584,050167087611,8009031698,072188016516,EDUCATION_LEVEL004
8725,NGUYỄN ĐÌNH CẢNH,M,married,2,0325720193,060345227027,7221976869,072086001091,EDUCATION_LEVEL004
8727,PHẠM THỊ LOAN,F,married,2,0385518092,060345230702,7216031386,072184000156,EDUCATION_LEVEL004
8729,VÕ PHẠM PHƯƠNG THẢO,F,single,0,0866756462,060242801272,7222564641,072301004822,EDUCATION_LEVEL004
8730,CAO VĂN QUỐC,M,single,0,0986203959,050078662678,7216080775,072099007945,EDUCATION_LEVEL004
8732,TRẦN THỊ KIM CHI,F,single,0,0797294048,060224060613,7526944524,093181001983,EDUCATION_LEVEL004
8733,LÊ THỊ KIM ANH,F,,,0933095321,060346279111,7211025353,072174000204,EDUCATION_LEVEL004
8735,LƯU THỊ THANH XUÂN,F,married,2,0984181810,050167210705,7221986542,072172002399,EDUCATION_LEVEL004
8737,LÊ THỊ MỸ LIÊN,F,married,1,0978247907,060346279284,7213006800,048191003005,EDUCATION_LEVEL004
8738,NGUYỄN THỊ HUẾ ANH,F,married,1,0768199717,060227121575,7209023896,072183000212,EDUCATION_LEVEL004
8739,TRỊNH THỊ THU THẢO,F,married,2,0348103075,050167735646,7914088860,072174002887,EDUCATION_LEVEL004
8741,NGUYỄN HỮU LUÂN,M,single,0,0866033492,0819365534,7222530536,072206002466,EDUCATION_LEVEL004
8743,LÂM THỊ HOA,F,married,2,0964713868,060226215967,7714020203,045185000067,EDUCATION_LEVEL004
8745,NGUYỄN THỊ THÚY KIỀU,F,married,0,0397319269,060325399360,7214013054,072182014685,EDUCATION_LEVEL004
8746,ĐỖ THỊ NGỌC PHIẾN,F,married,2,0842128647,052201011988,,072188005280,EDUCATION_LEVEL004
8747,ĐỖ MINH TÚ,M,married,2,0376762952,050167432872,7222036225,072089000147,EDUCATION_LEVEL004
8748,ĐẶNG THỊ THÚY PHƯỢNG,F,married,1,0986564459,050160507524,7416272568,074182009808,EDUCATION_LEVEL004
8749,HÀ THỊ THANH TRÚC,F,single,0,0965181450,050168299378,7424713330,074306005904,EDUCATION_LEVEL004
8751,ĐỖ THỊ LIÊN,F,married,0,0397574794,060226477880,7222180442,072174012310,EDUCATION_LEVEL004
8752,ĐỒNG VĂN HÙNG,M,,,0962076432,050125698996,7213014197,072094003221,EDUCATION_LEVEL004
8753,TRẦN VĂN CƯỜNG,M,married,0,0393448847,060346281963,7221799865,080072009530,EDUCATION_LEVEL004
8756,TRẦN VĂN THÂM,M,married,0,0865103158,060303324898,7222159960,072204004580,EDUCATION_LEVEL004
8762,VÕ THỊ HUỲNH NHƯ,F,married,0,0378467471,060270161114,7221917540,072185002901,EDUCATION_LEVEL004
8764,NGUYỄN THỊ HUỲNH NHƯ,F,single,0,0971129475,060346279391,7213025144,072194009490,EDUCATION_LEVEL004
8765,THỊ KIM DÀNH,F,married,1,0869417928,060346283680,7911470789,091188000917,EDUCATION_LEVEL004
8766,DANH ĐIỀU,M,married,0,0338472565,060346280231,205106691,091083004585,EDUCATION_LEVEL004
8767,NGUYỄN TUẤN ANH,M,,,0921754424,060346278709,7222702817,072097000356,EDUCATION_LEVEL004
8768,PHAN THỊ THÙY DƯƠNG,F,married,0,0867260692,060346287597,7216001506,079198029487,EDUCATION_LEVEL004
8771,NGUYỄN VÂN ANH,F,single,0,0334963492,050167844763,7222087100,072307004080,EDUCATION_LEVEL004
8773,PHẠM THỊ MỸ EM,F,married,0,0394153671,055015041971,9221660319,089171000151,EDUCATION_LEVEL004
8774,LÊ THỊ MAI,F,married,0,0962106592,060116800678,,072197012083,EDUCATION_LEVEL004
8775,BÙI THỊ THU LINH,F,single,0,0812658839,060347514759,8923714633,089182007760,EDUCATION_LEVEL004
8776,NGUYỄN THỊ HỒNG LOAN,F,married,0,0327958467,070327958467,7910236414,072186002080,EDUCATION_LEVEL004
8777,PHAN QUỐC TỈNH,M,married,0,0326273410,,7222600771,072096000301,EDUCATION_LEVEL004
8778,DƯƠNG THỊ THÙY LINH,F,single,0,0392344803,050114473356,,080177000009,EDUCATION_LEVEL004
8779,DƯƠNG CHÍ HÀO,M,single,0,0382226842,050137087577,7221363746,072204005962,EDUCATION_LEVEL004
8780,NGUYỄN THÀNH SANG,M,married,0,0775721791,050147352929,7221987227,072092001271,EDUCATION_LEVEL004
8781,PHẠM THỊ THỦY,F,married,0,0792266290,060325410445,7213034560,072181010973,EDUCATION_LEVEL004
8782,NGUYỄN THỊ ÚT,F,married,0,0334625193,050159125073,8013013758,091192010060,EDUCATION_LEVEL004
8786,TRẦN NGỌC VINH ANH,M,single,0,0702904230,060347515038,8023248361,080206010229,EDUCATION_LEVEL004
8787,PHẠM ĐỨC LINH,M,single,0,0866813846,060347492364,7214033134,072080005446,EDUCATION_LEVEL004
8788,ĐOÀN THỊ PHƯƠNG NGÂN,F,married,2,0397723816,060347490302,203117173,079183022134,EDUCATION_LEVEL004
8792,NGUYỄN THỊ DIỆU THÚY,F,married,0,0857919979,,7222555665,072178003862,EDUCATION_LEVEL004
8793,VÕ THỊ KIM CHI,F,single,0,0363562463,060347489630,7222254485,072308000249,EDUCATION_LEVEL004
8794,ĐẶNG THỊ HOÀI THƯƠNG,F,married,0,0797544213,050057990187,7211017445,072192006154,EDUCATION_LEVEL004
8795,NGUYỄN THỊ PHƯƠNG THÚY,F,married,0,0989265958,060227345767,7212012009,072194003450,EDUCATION_LEVEL004
8796,NGUYỄN THỊ KIỀU,F,single,0,0989265956,060347487141,8211029667,080187018350,EDUCATION_LEVEL004
8798,NGUYỄN VĂN NHÂN,M,married,0,0342559792,060347501622,7222153888,072083005909,EDUCATION_LEVEL004
8799,TRƯƠNG THỊ MỸ NHUNG,F,married,0,0334839344,060347515321,7222317718,070189000021,EDUCATION_LEVEL004
8800,TRẦN QUỐC PHÁT,M,married,0,0325053572,,7022512093,070200004859,EDUCATION_LEVEL004
8801,TRẦN THỊ MY,F,married,0,0374357704,060226071132,7216035461,095193001770,EDUCATION_LEVEL004
8802,NGUYỄN VĂN NGỌC,M,married,0,0963390241,060246584624,7214033111,087096017865,EDUCATION_LEVEL004
8809,VÕ THỊ NGỌC,F,married,0,0363028557,060347517340,,089187021038,EDUCATION_LEVEL004
8811,VÕ THỊ ĐẸT,F,married,0,0373738319,050168092196,,072187004179,EDUCATION_LEVEL004
8812,NGUYỄN THỊ THU,F,married,0,0394401850,,,094187003348,EDUCATION_LEVEL004
8813,HUỲNH THỊ LÀI,F,married,0,0368730008,050069474486,,072187005591,EDUCATION_LEVEL004
8815,LÊ PHONG ĐỘ,M,single,0,0784475327,,,089204011971,EDUCATION_LEVEL004
8816,NGUYỄN NGỌC MỸ DUYÊN,F,single,0,0764044867,,,072198003135,EDUCATION_LEVEL004
8825,NGUYỄN THANH AN,M,married,0,0703403042,060347515941,,072208011615,EDUCATION_LEVEL004
8826,PHẠM THỊ NGỌC TRINH,F,single,0,0866813846,060347516069,,072308001400,EDUCATION_LEVEL004
8827,NGUYỄN THỊ HỒNG ĐÀO,F,single,0,0348593474,060347516654,,072178011651,EDUCATION_LEVEL004
8828,TỪ THỊ KIM HỒNG,F,married,2,0867289175,,,072179002921,EDUCATION_LEVEL004
8829,NGUYỄN THỊ XÍA,F,married,0,0792572394,060347518118,,096189015992,EDUCATION_LEVEL004
8830,NGUYỄN THỊ MƯỚT,F,married,0,0978254038,,,072181005733,EDUCATION_LEVEL004
8832,NGUYỄN THỊ BẢO TRÂN,F,married,3,0916692120,,,072177011434,EDUCATION_LEVEL004
8833,PHẠM MINH KHANH,M,single,0,0984223497,,,072096011244,EDUCATION_LEVEL004
8834,NGUYỄN THỊ TIÊN,F,single,0,0344973833,,,072198001265,EDUCATION_LEVEL004
8835,TRẦN DƯƠNG HỒNG THỦY,F,married,0,0345932391,,,080191000154,EDUCATION_LEVEL004
8836,LÊ THỊ HÒA BÌNH,F,married,0,0901233042,,,072175001371,EDUCATION_LEVEL004
8837,PHAN THỊ HỒNG CẨM,F,single,0,0396396729,,,072303003755,EDUCATION_LEVEL004
8838,LÊ ANH TUẤN,M,married,0,0399204425,,,072079001960,EDUCATION_LEVEL004
8839,DƯƠNG NGỌC LOAN,F,married,0,0919704642,,,079185009623,EDUCATION_LEVEL004
8841,VÕ THỊ KIM CƯƠNG,F,married,0,0362776385,,,072177004830,EDUCATION_LEVEL004
8842,HUỲNH THỊ KIM NGÂN,F,married,0,0971876802,,,093192003453,EDUCATION_LEVEL004
8843,PHAN THỊ MINH THƯ,F,married,0,0352563024,,,074301008083,EDUCATION_LEVEL004
8844,MAI CÔNG MINH,M,single,0,0839659714,,,072084002663,EDUCATION_LEVEL004
8845,TRẦN ĐẠI THẠCH,M,single,0,0933011926,,,040093017719,EDUCATION_LEVEL004
8846,PHẠM THỊ LỆ HẰNG,F,single,0,0813727329,,,089180005402,EDUCATION_LEVEL004
8847,VÕ HOÀI TUẤN,M,married,0,0983900592,,,072083013315,EDUCATION_LEVEL004
8848,ĐOÀN THỊ KIM LIÊN,F,married,0,0963440475,,,072186012496,EDUCATION_LEVEL004
8849,NGUYỄN THỊ PHƯƠNG,F,single,0,0365033228,,,072182015060,EDUCATION_LEVEL004
8850,PHAN THỊ TIỀN,F,married,0,0379498500,,,072183001458,EDUCATION_LEVEL004
8852,HỨA THỊ PHÚC,F,married,0,0886977748,,,067198000826,EDUCATION_LEVEL004
